{"cameraMode":{"drawMode":0,"name":"Shaded","section":"Shading Mode"},"sceneLighting":true,"audioPlay":false,"sceneViewState":{"showFog":true,"showMaterialUpdate":false,"showSkybox":true,"showFlares":true,"showImageEffects":true,"showParticleSystems":true},"in2DMode":false,"pivot":{"x":-18.012271881103517,"y":9.405407905578614,"z":-10.928922653198243},"rotation":{"x":0.008048237301409245,"y":0.9418162703514099,"z":0.02260793186724186,"w":-0.33527588844299319},"size":40.417884826660159,"orthographic":false}